Description,Designator,Footprint,LibRef,Quantity,Value,Manufacturer Part Number,Comment
,,,,,,,
Cap Touch Buttons,"#, [NoValue], 0, 1, 2, 3, 4, 5, 6, 7, 8, 9, A, B",CAPTOUCH-8mm,Cap touch,14,DNP,,Cap touch
Ceramic Capacitor (Surface Mount),C27,0805-W,Cap,1,DNP,,Cstore2
Ceramic Capacitor (Surface Mount),Cev,402,Cap,1,DNP,,Cout_env
Ceramic Capacitor (Surface Mount),Ct,402,Cap,1,TBD,,C_Ant_tune
Ceramic Capacitor (Surface Mount),"Ct_1, Ct_2",402,Cap,2,TBD,,Cap
Chip Resistor (Surface Mount),R21,402,Res,1,DNP,,R_80%
Chip Resistor (Surface Mount),R22,402,Res,1,DNP,,R_50%
Inductor (Surface Mount),Lt,402,Ind,1,TBD,,L_Ant_tune
Inductor (Surface Mount),"Lt_1, Lt_2",402,Ind,2,TBD,,Ind
Ceramic Capacitor (Surface Mount),C24,402,Cap,1,22 nF,0402YC223JAT2A,Cin_boost1
Ceramic Capacitor (Surface Mount),Cs7,402,Cap,1,1pF,500R07S1R0BV4T,Cs_rx
Ceramic Capacitor (Surface Mount),C2,402,Cap,1,10pF,500R07S100GV4T,Cdemod_1
Ceramic Capacitor (Surface Mount),"Cp1, Cp2, Cp3, Cp4",402,Cap,4,10pF,500R07S100GV4T,Cp_env
Ceramic Capacitor (Surface Mount),"Cs1, Cs2, Cs3, Cs4",402,Cap,4,10pF,500R07S100GV4T,Cs_env
Ceramic Capacitor (Surface Mount),"CY1, CY2",402,Cap,2,10pF,500R07S100GV4T,C_crystal
Ceramic Capacitor (Surface Mount),"C1, C10",402,Cap,2,33pF,500R07S330GV4T,Cp_rect
Ceramic Capacitor (Surface Mount),C6,402,Cap,1,33pF,500R07S330GV4T,Cdemod_3
Ceramic Capacitor (Surface Mount),"Cs6, Cs8",402,Cap,2,33pF,500R07S330GV4T,Cs_rect
"Header, 4-Pin","P1, P2",MHDR1X4,MHDR1X4,2,,851-43-004-10-001000,MHDR1X4
"Header, 4-Pin",SBW1,MHDR1X4,MHDR1X4,1,,851-43-004-20-001000,MHDR1X4-angled
Ceramic Capacitor (Surface Mount),C8,402,Cap,1,2.2uF,04026D225KAT2A,Cout_LDO
"Header, 2-Pin","DNLINK_SECURITY, SPK, SV, UPLINK_SECURITY, Vrect",MHDR1X2,MHDR1X2,5,,77311-118-02LF,MHDR1X2
"Test Point, Flat Pad","T1, T2, T3, T4, T5",SMT_TESTPOINT_2MM,Test Point SMT,5,,1625854-3,Test Point SMT
Audio Switch,SW2,SC70-6,ADG841,1,,ADG841YKSZ-500RL7,ADG841
RF 2:1 MUX/SPDT Reflective,SW1,MSOP_8pin,ADG919,1,,ADG919BRMZ,ADG919
"N-Channel Dual-Gate Mos-Fets MOSFET, SOT343R","Q1, Q2",SOT343R,BF1101WR,2,,"BF1101WR,115",BF1101WR
Boost Charger,U2,BQ25570,BQ25570,1,,BQ25570RGRT,BQ25570
Ceramic Capacitor (Surface Mount),C25,402,Cap,1,4.7uF,C1005X5R0J475K050BC,Cin_boost2
Ceramic Capacitor (Surface Mount),C26,402,Cap,1,0.01uF,CL05B103JB5NNNC,Cref
Ceramic Capacitor (Surface Mount),"C5, C11, Cd1",402,Cap,3,0.01uF,CL05B103JB5NNNC,Cdecap_MSP
Ceramic Capacitor (Surface Mount),C21,0805-W,Cap,1,22uF,CL10A226KQ8NRNE,Cstore
Chip Resistor (Surface Mount),R18,402,Res,1,1.4M,CRCW04021M40FKED,Rok3
Chip Resistor (Surface Mount),R17,402,Res,1,5.1M,CRCW04025M10JNED,Rok2
Chip Resistor (Surface Mount),R20,402,Res,1,5.1M,CRCW04025M10JNED,Rov2
Chip Resistor (Surface Mount),R16,402,Res,1,7.5M,CRCW04027M50JNED,Rok1
Chip Resistor (Surface Mount),R19,402,Res,1,7.5M,CRCW04027M50JNED,Rov1
Chip Resistor (Surface Mount),R25,402,Res,1,8.2M,CRCW04028M20JNED,Res_MPPTfixed
Chip Resistor (Surface Mount),"R8, R9",402,Res,2,10k,CRCW040210K0FKED,Res_HSS
Chip Resistor (Surface Mount),"R6, R12",402,Res,2,47k,CRCW040247K0FKED,Res_HSS
Chip Resistor (Surface Mount),"R10, R11",402,Res,2,100,CRCW0402100RFKED,Res_LED
Chip Resistor (Surface Mount),R7,402,Res,1,150k,CRCW0402150KFKED,Res_HSS
Electret Microphone,uP1,uP_23024,UP_Knowles_23024,1,,EK-23024-C36,Electret Microphone
Ceramic Capacitor (Surface Mount),"C12, C22",402,Cap,2,0.1 uF,GRM155R71C104JA88D,Cstore
Ceramic Capacitor (Surface Mount),C4,402,Cap,1,1nF,GRM1555C1H102FA01D,Cdemod_2
Chip Resistor (Surface Mount),R24,402,Res,1,50M,HMC0402JT50M0,Res_MPPTfixed
Inductor (Surface Mount),L1,LPS4018,Ind_LPS4018,1,22uH,LPS4018-223MLB,Ind_LPS4018
32 khz crystal,Y1,Crystal_tuning_fork_32khz,32khz_tuning_fork_crystal,1,,MS3V-T1R,32khz_tuning_fork_crystal
16-bit FRAM MCU,MSP430,MSP_QFN48_RGZ_PAD0,MSP430FR596X_586X_RGZ,1,,MSP430FR5969IRGZR,MSP430 Wolverine 48-Pin
Comparator: On Semi 10uA Comparator,U1,SC70-5,NCS2200,1,,"NCX2200GW,125",Comparator
Chip Resistor (Surface Mount),R2,402,Res,1,22k,RC0402FR-0722KL,Res_demod2
Chip Resistor (Surface Mount),R3,402,Res,1,220k,RC0402FR-07220KL,Res_demod3
Chip Resistor (Surface Mount),R1,402,Res,1,560k,RC0402FR-07560KL,Res_demod1
NMOS and PMOS array,U5,SC-89-6 Vishay,SI1016X,1,,SI1016X-T1-GE3,SI1016X
Headphone jack,SPK1,CONN_JACK,CONN_JACK,1,,SJ-3524-SMT-TR-GR,Headphone jack
"Typical RED, GREEN, YELLOW, AMBER GaAs LED","LED1, LED2",Diode - 0402,Diode - picoLED,2,,"SML-P11MTT86, SML-P11UTT86",LED
"Agilent Schottky Diode, Two in Series, Small Package SOT-323","D1, D2, D3, D4, D6, D7, D8",SOT23 - N,SMS7630-005,7,,SMS7630-005LF,SMS7630-005
Audio Transformer by Triad,TF1,Audio_TF,Audio_TF,1,,SP-48,Audio_TF
"Single Output LDO, 150 mA, Adjustable 1.22 to 5.25 V Output, 2.2 to 5.5 V Input, with 500 nA Quiescent Current, 5-pin SOT (DDC), -40 to 125 degC, Green (RoHS & no Sb/Br)",U3,TI-DDC5_L,CMP-0394-01119-1,1,,TPS780270200DDCT,TPS780270200DDCT
